{
  "backend/main.mo": "Main ICP actor that combines blob storage and authorization mixins, managing user profiles, video metadata, chunked video uploads, user libraries, and admin-only operations with access control enforcement.",
  "backend/migration.mo": "Defines OldActor and NewActor types with identical shapes and a `run` migration function that passes state through unchanged, serving as a schema migration scaffold.",
  "feature_evidence.json": "Feature evidence report mapping implemented features (search bar, autoplay disable, edit video, etc.) to their source files, components, test IDs, and confidence levels.",
  "frontend-file-summaries.txt": "Pre-generated JSON summaries of all frontend source files, describing each component's purpose and key changes for build planning reference.",
  "frontend/index.css": "Tailwind base stylesheet defining OKLCH CSS custom properties for light and dark themes, applied globally to background and border utilities.",
  "frontend/index.html": "Minimal HTML entry point with the page title set to \"NetMirror\" and a root div that mounts the React app via main.tsx.",
  "frontend/src/App.tsx": "Defines TanStack Router routes and layout guards including AppLayout (auth check), AdminGuard (admin check), and routes for home, video player, admin dashboard, library, and thumbnail selection pages.",
  "frontend/src/components/CategoryRow.tsx": "Renders a horizontally scrollable row of VideoCards for a given category, with left/right scroll buttons that appear on hover.",
  "frontend/src/components/HeroBanner.tsx": "Displays a full-width hero banner for a featured video with background thumbnail, gradient overlays, title/description, and Play/More Info buttons that navigate to the video page.",
  "frontend/src/components/LoginScreen.tsx": "Renders the unauthenticated landing page with Internet Identity login buttons, branding, and feature highlights; redirects to home on successful login.",
  "frontend/src/components/Navbar.tsx": "Fixed top navigation bar with the NetMirror logo, Home/Library/Admin links (conditionally shown), an inline search input, and a user dropdown with copy-principal, settings, and logout actions.",
  "frontend/src/components/ProfileSetupModal.tsx": "Modal dialog that prompts a newly logged-in user to set a username via a form, pre-filling any existing username and saving it through the useSetUsername mutation.",
  "frontend/src/components/VideoCard.tsx": "Thumbnail card for a video that shows hover overlays with Play and optional Remove buttons, and an info panel with title, category, and date on hover.",
  "frontend/src/components/VideoManagementList.tsx": "Admin list of all uploaded videos supporting inline metadata editing (title, description, category, thumbnail URL) and deletion with confirmation dialogs.",
  "frontend/src/components/VideoUploadForm.tsx": "A React form component for uploading videos with chunked upload support (512KB chunks), file validation, progress tracking, and post-upload navigation to a thumbnail selection page.",
  "frontend/src/hooks/useActor.ts": "A custom hook that creates and caches an ICP backend actor using React Query, initializing it with the user's Internet Identity and an admin token if present, and invalidating dependent queries when the actor changes.",
  "frontend/src/hooks/useInternetIdentity.ts": "Provides an InternetIdentityProvider and useInternetIdentity hook for managing ICP Internet Identity authentication, including login, logout, and persisting identity across page reloads via AuthClient.",
  "frontend/src/hooks/useQueries.ts": "Defines React Query hooks for all backend interactions including user profiles, usernames, admin checks, and video CRUD operations with chunked upload support.",
  "frontend/src/index.css": "Global CSS file that imports Inter font, sets up Tailwind directives, defines CSS custom properties for a dark Netflix-style theme, and adds utility component classes like netflix-btn and card-hover.",
  "frontend/src/main.tsx": "Application entry point that renders the React app wrapped with QueryClientProvider and InternetIdentityProvider into the DOM root.",
  "frontend/src/pages/AdminDashboard.tsx": "An admin dashboard page displaying video count stats and tabbed navigation between a VideoUploadForm and a VideoManagementList, accessible only to admin users.",
  "frontend/src/pages/MyLibrary.tsx": "Displays the current user's saved video library, fetching each video's metadata individually and supporting removal with toast notifications. Shows loading skeletons, error states, and an empty state with a browse button.",
  "frontend/src/pages/ThumbnailSelection.tsx": "Admin page for selecting or updating a video's thumbnail by either capturing a frame from the assembled video preview or uploading a custom image. Handles chunk assembly into a blob URL, frame capture via canvas, and saving the thumbnail.",
  "frontend/src/pages/VideoPlayer.tsx": "Video playback page that assembles video chunks into a single blob URL (or uses a direct URL for single-chunk videos) and renders a player with metadata, back navigation, and library add/remove functionality.",
  "frontend/src/pages/ViewerHome.tsx": "Main viewer home page showing a hero banner, category rows, and search functionality over all videos. Handles loading skeletons, error states, empty states, and conditionally shows an admin button.",
  "frontend/src/utils/principalUtils.ts": "Exports a single utility function that deterministically derives a short 5-digit friendly user ID string from a principal string using a simple hash.",
  "frontend/src/utils/urlParams.ts": "Provides utility functions for reading, storing, and clearing URL parameters from both query strings and hash-based routing, with sessionStorage persistence support.",
  "frontend/tailwind.config.js": "Tailwind CSS configuration for the frontend, extending the default theme with Netflix-inspired colors, custom fonts, animations, box shadows, and enabling dark mode. Includes plugins for typography, container queries, and animations.",
  "project_state.json": "Tracks the current state of the Netflix-style video streaming platform project at version 27, documenting existing features, architectural notes, and known issues such as admin authentication failures and 2GB video upload problems."
}