{
  "kind": "build_request",
  "title": "Search, manual play, admin video editing, UI improvements, remove footer credit, friendly user ID",
  "projectName": "NetMirror",
  "priority": "normal",
  "requirements": [
    {
      "id": "REQ-29",
      "text": "Add a search bar to the home page (ViewerHome) and Navbar that allows authenticated users to search for videos by title or category. As the user types, filter the displayed video cards in real time (or on submit) to show only matching results. A visible search icon/button must be present to open or submit the search. If no results are found, display a friendly empty-state message.",
      "target": "frontend",
      "source": {
        "messageIds": [
          "msg-latest"
        ],
        "quotes": [
          "apply search button",
          "people can choose there movie want they want to watch"
        ]
      },
      "acceptanceCriteria": [
        "A search input and search button/icon are visible on the home page or Navbar.",
        "Typing in the search box filters videos by title or category.",
        "Matching videos are displayed as VideoCards in a results section.",
        "An empty-state message is shown when no videos match the query.",
        "Clearing the search restores the normal home page layout."
      ]
    },
    {
      "id": "REQ-30",
      "text": "Ensure videos do not auto-play when a user navigates to the video player page (VideoPlayer.tsx). The video element must have autoPlay removed/disabled. The user must explicitly press the play button to start playback. The hero banner 'Play' button on ViewerHome should navigate to the player page without triggering immediate playback — only clicking the in-player play control should start the video.",
      "target": "frontend",
      "source": {
        "messageIds": [
          "msg-latest"
        ],
        "quotes": [
          "make sure people can choose there movie want they want to watch not automatical start video"
        ]
      },
      "acceptanceCriteria": [
        "The video element in VideoPlayer.tsx does not have the `autoPlay` attribute set.",
        "Navigating to the video player page does not start video playback automatically.",
        "The user must click the play button inside the video player to begin watching.",
        "This behavior is consistent whether navigating from the hero banner, a VideoCard, or the library."
      ]
    },
    {
      "id": "REQ-31",
      "text": "Add an 'Edit Video' capability in the Admin Dashboard (AdminDashboard.tsx and VideoManagementList.tsx). Each video in the management list must have an Edit button that opens an inline form or modal pre-populated with the video's current title, description, category, and thumbnail URL. Submitting the form saves the updated metadata to the backend via a new `updateVideoMetadata(videoId: Text, title: Text, description: Text, category: Text, thumbnailUrl: Text) : async Bool` function callable only by the admin principal. The thumbnail-selection page at `/admin/thumbnail/:videoId` must also remain accessible from the edit flow.",
      "target": "both",
      "source": {
        "messageIds": [
          "msg-latest"
        ],
        "quotes": [
          "admin can make changes after upload video"
        ]
      },
      "acceptanceCriteria": [
        "Each video row in the admin video management list has an Edit button.",
        "Clicking Edit opens a form/modal pre-filled with current title, description, category, and thumbnail URL.",
        "Saving the form calls `updateVideoMetadata` on the backend and updates the video record.",
        "Only the admin principal can call `updateVideoMetadata`; other callers receive an error.",
        "After saving, the updated metadata is reflected in the video list without a full page reload.",
        "The admin can also navigate to the thumbnail-selection page from the edit flow."
      ]
    },
    {
      "id": "REQ-32",
      "text": "Ensure the thumbnail option for the admin is prominently accessible in the Admin Dashboard. In the video management list, each video row must include a 'Set Thumbnail' button (in addition to Edit and Delete) that navigates the admin directly to the existing thumbnail-selection page at `/admin/thumbnail/:videoId`.",
      "target": "frontend",
      "source": {
        "messageIds": [
          "msg-latest"
        ],
        "quotes": [
          "add thumbnail option for admin in dashboard"
        ]
      },
      "acceptanceCriteria": [
        "Each video in the admin management list has a visible 'Set Thumbnail' button.",
        "Clicking 'Set Thumbnail' navigates to `/admin/thumbnail/:videoId` for the corresponding video.",
        "The thumbnail-selection page functions as previously implemented (frame capture or custom image upload)."
      ]
    },
    {
      "id": "REQ-33",
      "text": "Redesign the Login page (LoginScreen.tsx) with an improved, polished UI. The login screen should feature a centered card layout with the NetMirror logo prominently displayed, a clear headline and subtitle, and a well-styled Internet Identity sign-in button using the primary red accent (#E50914). Add visual refinements such as subtle background imagery or gradient, improved spacing, and clear typography hierarchy to make the login experience feel premium.",
      "target": "frontend",
      "source": {
        "messageIds": [
          "msg-latest"
        ],
        "quotes": [
          "make login and dashboard better"
        ]
      },
      "acceptanceCriteria": [
        "The login page displays a centered card or hero layout with the NetMirror logo.",
        "The Internet Identity sign-in button is prominently styled with the red accent color.",
        "Typography hierarchy is clear with headline and subtitle text.",
        "The page is visually consistent with the Netflix-inspired dark theme."
      ]
    },
    {
      "id": "REQ-34",
      "text": "Redesign the Admin Dashboard (AdminDashboard.tsx) with an improved UI. Add a clear header with the admin's username, improve the tab navigation between Upload and Manage sections with better visual indicators, improve the layout of the video upload form with better field grouping and labels, and enhance the video management list with cleaner card/table styling, better button placement, and visual status indicators (e.g., upload progress). The overall dashboard should feel organized and professional within the dark Netflix-inspired theme.",
      "target": "frontend",
      "source": {
        "messageIds": [
          "msg-latest"
        ],
        "quotes": [
          "make login and dashboard better"
        ]
      },
      "acceptanceCriteria": [
        "The Admin Dashboard header clearly identifies it as an admin area and shows the admin's username.",
        "Tab navigation between Upload and Manage is visually clear with active-state indicators.",
        "The upload form fields are well-grouped and labeled.",
        "The video management list uses a clean layout with clearly placed Edit, Set Thumbnail, and Delete buttons.",
        "The design is consistent with the app's dark Netflix-inspired theme."
      ]
    },
    {
      "id": "REQ-35",
      "text": "Remove the 'DhairyaKumar' red text footer credit from the bottom of the ViewerHome page (frontend/src/pages/ViewerHome.tsx). Delete the element and any associated styles or class names that render this credit text.",
      "target": "frontend",
      "source": {
        "messageIds": [
          "msg-latest"
        ],
        "quotes": [
          "remove DhairyaKumar red tag on home page"
        ]
      },
      "acceptanceCriteria": [
        "The text 'DhairyaKumar' no longer appears anywhere on the ViewerHome page.",
        "No red footer credit element is rendered at the bottom of the home page.",
        "The removal does not affect any other content or layout on the page."
      ]
    },
    {
      "id": "REQ-36",
      "text": "In the Navbar user dropdown and any place the authenticated user's principal ID is displayed, replace the full ICP principal string with a short, friendly numeric-style user ID (e.g., a 5-digit number derived deterministically from the principal, such as the last 5 digits of a hash of the principal string). Display it as 'User #12345' or similar. The full principal should no longer be shown in the UI, but the copy-to-clipboard action (if present) may still copy the full principal internally. Apply this friendly ID display consistently across the Navbar dropdown and any profile or settings area.",
      "target": "frontend",
      "source": {
        "messageIds": [
          "msg-latest"
        ],
        "quotes": [
          "change principle to user id example 12345"
        ]
      },
      "acceptanceCriteria": [
        "The Navbar user dropdown shows a short friendly user ID (e.g., 'User #12345') instead of the full principal string.",
        "The friendly ID is derived deterministically from the principal so it is consistent across sessions.",
        "The full principal string is no longer visibly displayed anywhere in the UI.",
        "If a copy button is present, it may still copy the full principal to the clipboard.",
        "The friendly ID is consistent across the Navbar dropdown and any other profile display areas."
      ]
    }
  ],
  "constraints": [
    "Do not modify files under frontend/src/hooks/useInternetIdentity.ts, frontend/src/hooks/useActor.ts, frontend/src/main.tsx, or frontend/src/components/ui.",
    "All Motoko logic must remain in the single actor file backend/main.mo.",
    "Admin-gated backend functions must continue to use exact Principal.equal comparison against the hardcoded admin principal psepb-z44cx-b6vbq-45ntc-4vq3a-p3yfv-jesuv-jx3rm-ixrhu-5bdic-bqe.",
    "The new updateVideoMetadata backend function must be admin-only."
  ],
  "nonGoals": [
    "Do not add real-time search with backend full-text indexing — client-side filtering of already-loaded video metadata is sufficient.",
    "Do not change the Internet Identity authentication flow or principal generation.",
    "Do not add social login or third-party auth providers.",
    "Do not change the chunked video upload logic or storage model.",
    "Do not add video comments, ratings, or social features."
  ],
  "imageRequirements": {
    "required": [],
    "edits": []
  }
}