{
  "kind": "coverage_report",
  "version": "1.0",
  "generatedAt": "2026-02-25T16:26:59.866Z",
  "sources": {
    "buildRequest": true,
    "implementationPlan": true
  },
  "requirements": {
    "total": 8,
    "implemented": 8,
    "items": [
      {
        "id": "REQ-29",
        "summary": "Add a search bar to the home page (ViewerHome) and Navbar that allows authenticated users to search for videos by title or category. As the user types, filter the displayed video cards in real time (or on submit) to show only matching results. A visible search icon/button must be present to open or submit the search. If no results are found, display a friendly empty-state message.",
        "status": "implemented",
        "plannedFiles": [
          "frontend/src/components/Navbar.tsx",
          "frontend/src/pages/ViewerHome.tsx"
        ],
        "matchedFiles": [
          "frontend/src/components/Navbar.tsx",
          "frontend/src/pages/ViewerHome.tsx"
        ]
      },
      {
        "id": "REQ-30",
        "summary": "Ensure videos do not auto-play when a user navigates to the video player page (VideoPlayer.tsx). The video element must have autoPlay removed/disabled. The user must explicitly press the play button to start playback. The hero banner 'Play' button on ViewerHome should navigate to the player page without triggering immediate playback — only clicking the in-player play control should start the video.",
        "status": "implemented",
        "plannedFiles": [
          "frontend/src/pages/VideoPlayer.tsx"
        ],
        "matchedFiles": [
          "frontend/src/pages/VideoPlayer.tsx"
        ]
      },
      {
        "id": "REQ-31",
        "summary": "Add an 'Edit Video' capability in the Admin Dashboard (AdminDashboard.tsx and VideoManagementList.tsx). Each video in the management list must have an Edit button that opens an inline form or modal pre-populated with the video's current title, description, category, and thumbnail URL. Submitting the form saves the updated metadata to the backend via a new `updateVideoMetadata(videoId: Text, title: Text, description: Text, category: Text, thumbnailUrl: Text) : async Bool` function callable only by the admin principal. The thumbnail-selection page at `/admin/thumbnail/:videoId` must also remain accessible from the edit flow.",
        "status": "implemented",
        "plannedFiles": [
          "frontend/src/hooks/useQueries.ts",
          "frontend/src/components/VideoManagementList.tsx"
        ],
        "matchedFiles": [
          "frontend/src/hooks/useQueries.ts",
          "frontend/src/components/VideoManagementList.tsx"
        ]
      },
      {
        "id": "REQ-32",
        "summary": "Ensure the thumbnail option for the admin is prominently accessible in the Admin Dashboard. In the video management list, each video row must include a 'Set Thumbnail' button (in addition to Edit and Delete) that navigates the admin directly to the existing thumbnail-selection page at `/admin/thumbnail/:videoId`.",
        "status": "implemented",
        "plannedFiles": [
          "frontend/src/components/VideoManagementList.tsx"
        ],
        "matchedFiles": [
          "frontend/src/components/VideoManagementList.tsx"
        ]
      },
      {
        "id": "REQ-33",
        "summary": "Redesign the Login page (LoginScreen.tsx) with an improved, polished UI. The login screen should feature a centered card layout with the NetMirror logo prominently displayed, a clear headline and subtitle, and a well-styled Internet Identity sign-in button using the primary red accent (#E50914). Add visual refinements such as subtle background imagery or gradient, improved spacing, and clear typography hierarchy to make the login experience feel premium.",
        "status": "implemented",
        "plannedFiles": [
          "frontend/src/components/LoginScreen.tsx"
        ],
        "matchedFiles": [
          "frontend/src/components/LoginScreen.tsx"
        ]
      },
      {
        "id": "REQ-34",
        "summary": "Redesign the Admin Dashboard (AdminDashboard.tsx) with an improved UI. Add a clear header with the admin's username, improve the tab navigation between Upload and Manage sections with better visual indicators, improve the layout of the video upload form with better field grouping and labels, and enhance the video management list with cleaner card/table styling, better button placement, and visual status indicators (e.g., upload progress). The overall dashboard should feel organized and professional within the dark Netflix-inspired theme.",
        "status": "implemented",
        "plannedFiles": [
          "frontend/src/pages/AdminDashboard.tsx",
          "frontend/src/components/VideoUploadForm.tsx",
          "frontend/src/components/VideoManagementList.tsx"
        ],
        "matchedFiles": [
          "frontend/src/pages/AdminDashboard.tsx",
          "frontend/src/components/VideoManagementList.tsx"
        ]
      },
      {
        "id": "REQ-35",
        "summary": "Remove the 'DhairyaKumar' red text footer credit from the bottom of the ViewerHome page (frontend/src/pages/ViewerHome.tsx). Delete the element and any associated styles or class names that render this credit text.",
        "status": "implemented",
        "plannedFiles": [
          "frontend/src/pages/ViewerHome.tsx"
        ],
        "matchedFiles": [
          "frontend/src/pages/ViewerHome.tsx"
        ]
      },
      {
        "id": "REQ-36",
        "summary": "In the Navbar user dropdown and any place the authenticated user's principal ID is displayed, replace the full ICP principal string with a short, friendly numeric-style user ID (e.g., a 5-digit number derived deterministically from the principal, such as the last 5 digits of a hash of the principal string). Display it as 'User #12345' or similar. The full principal should no longer be shown in the UI, but the copy-to-clipboard action (if present) may still copy the full principal internally. Apply this friendly ID display consistently across the Navbar dropdown and any profile or settings area.",
        "status": "implemented",
        "plannedFiles": [
          "frontend/src/utils/principalUtils.ts",
          "frontend/src/components/Navbar.tsx"
        ],
        "matchedFiles": [
          "frontend/src/utils/principalUtils.ts",
          "frontend/src/components/Navbar.tsx"
        ]
      }
    ]
  },
  "changedFiles": [
    "backend/main.mo",
    "backend/migration.mo",
    "build-request.json",
    "feature_evidence.json",
    "frontend-file-summaries.txt",
    "frontend-implementation-plan.json",
    "frontend/src/backend.d.ts",
    "frontend/src/backend.ts",
    "frontend/src/components/LoginScreen.tsx",
    "frontend/src/components/Navbar.tsx",
    "frontend/src/components/VideoManagementList.tsx",
    "frontend/src/declarations/backend.did.d.ts",
    "frontend/src/declarations/backend.did.js",
    "frontend/src/hooks/useQueries.ts",
    "frontend/src/pages/AdminDashboard.tsx",
    "frontend/src/pages/VideoPlayer.tsx",
    "frontend/src/pages/ViewerHome.tsx",
    "frontend/src/utils/principalUtils.ts",
    "project_state.json",
    "scratch/component-selection.json",
    "spec.md",
    "spec_vs_diff_report.json"
  ]
}