{
  "kind": "implementation_plan",
  "version": "1.0",
  "title": "Search, manual play, admin video editing, UI improvements, remove footer credit, friendly user ID",
  "requirements": [
    {
      "id": "REQ-29",
      "summary": "Add search functionality to ViewerHome and Navbar for filtering videos by title or category with real-time results and empty state",
      "acceptanceCriteria": [
        "A search input and search button/icon are visible on the home page or Navbar.",
        "Typing in the search box filters videos by title or category.",
        "Matching videos are displayed as VideoCards in a results section.",
        "An empty-state message is shown when no videos match the query.",
        "Clearing the search restores the normal home page layout."
      ],
      "file_operations": [
        {
          "path": "frontend/src/components/Navbar.tsx",
          "operation": "modify",
          "description": "Add a search input field and button/icon to the Navbar component. Include state management for the search query. When the user types or submits, pass the search query to parent components via props or context so ViewerHome can filter videos. Style the search input consistently with the Netflix-inspired dark theme and red accent."
        },
        {
          "path": "frontend/src/pages/ViewerHome.tsx",
          "operation": "modify",
          "description": "Accept search query state from Navbar (via props, context, or URL params). Filter the videos returned by getAllVideosMetadata based on whether the video title or category includes the search query (case-insensitive). Render filtered results in the same VideoCard grid or category row layout. Display a friendly empty-state message (e.g., 'No videos match your search') when no results are found. When the search is cleared, restore the normal home page layout with hero banner and category rows."
        }
      ]
    },
    {
      "id": "REQ-30",
      "summary": "Disable video auto-play in VideoPlayer so users must explicitly press play to start playback",
      "acceptanceCriteria": [
        "The video element in VideoPlayer.tsx does not have the `autoPlay` attribute set.",
        "Navigating to the video player page does not start video playback automatically.",
        "The user must click the play button inside the video player to begin watching.",
        "This behavior is consistent whether navigating from the hero banner, a VideoCard, or the library."
      ],
      "file_operations": [
        {
          "path": "frontend/src/pages/VideoPlayer.tsx",
          "operation": "modify",
          "description": "Remove the `autoPlay` attribute from the video element (or set it to false). Ensure the video element does not automatically start playing when the component mounts or when the video blob URL is set. The user must click the native video player play control to begin playback."
        }
      ]
    },
    {
      "id": "REQ-31",
      "summary": "Add Edit Video capability in Admin Dashboard with inline form/modal for updating video metadata (title, description, category, thumbnail URL)",
      "acceptanceCriteria": [
        "Each video row in the admin video management list has an Edit button.",
        "Clicking Edit opens a form/modal pre-filled with current title, description, category, and thumbnail URL.",
        "Saving the form calls `updateVideoMetadata` on the backend and updates the video record.",
        "Only the admin principal can call `updateVideoMetadata`; other callers receive an error.",
        "After saving, the updated metadata is reflected in the video list without a full page reload.",
        "The admin can also navigate to the thumbnail-selection page from the edit flow."
      ],
      "file_operations": [
        {
          "path": "frontend/src/hooks/useQueries.ts",
          "operation": "modify",
          "description": "Add a new mutation hook `useUpdateVideoMetadata` that calls the backend `updateVideoMetadata(videoId: Text, title: Text, description: Text, category: Text, thumbnailUrl: Text)` function. On success, invalidate the 'videos' and 'videoMetadata' query keys to refresh the video list. Handle errors and display appropriate error messages to the user."
        },
        {
          "path": "frontend/src/components/VideoManagementList.tsx",
          "operation": "modify",
          "description": "Add an Edit button to each video row in the management list. When clicked, open an inline form or modal pre-populated with the video's current title, description, category, and thumbnail URL. Include a save button that triggers the `useUpdateVideoMetadata` mutation and a cancel button to close the form. After successful save, close the form/modal and show a success message. Include a link or button in the edit form to navigate to the thumbnail-selection page at `/admin/thumbnail/:videoId`. Use shadcn/ui components (Dialog, Form, Input, Textarea, Button) for the edit UI."
        }
      ]
    },
    {
      "id": "REQ-32",
      "summary": "Add a 'Set Thumbnail' button to each video in the Admin Dashboard video management list that navigates to the thumbnail-selection page",
      "acceptanceCriteria": [
        "Each video in the admin management list has a visible 'Set Thumbnail' button.",
        "Clicking 'Set Thumbnail' navigates to `/admin/thumbnail/:videoId` for the corresponding video.",
        "The thumbnail-selection page functions as previously implemented (frame capture or custom image upload)."
      ],
      "file_operations": [
        {
          "path": "frontend/src/components/VideoManagementList.tsx",
          "operation": "modify",
          "description": "Add a 'Set Thumbnail' button to each video row in the management list (in addition to the Edit and Delete buttons). When clicked, navigate to `/admin/thumbnail/:videoId` using React Router's `useNavigate` hook. Style the button consistently with the existing Edit and Delete buttons using the Netflix-inspired red accent color."
        }
      ]
    },
    {
      "id": "REQ-33",
      "summary": "Redesign the Login page with improved UI featuring centered card layout, NetMirror logo, clear headline/subtitle, and polished Internet Identity button",
      "acceptanceCriteria": [
        "The login page displays a centered card or hero layout with the NetMirror logo.",
        "The Internet Identity sign-in button is prominently styled with the red accent color.",
        "Typography hierarchy is clear with headline and subtitle text.",
        "The page is visually consistent with the Netflix-inspired dark theme."
      ],
      "file_operations": [
        {
          "path": "frontend/src/components/LoginScreen.tsx",
          "operation": "modify",
          "description": "Redesign the login screen with a centered card layout. Display the NetMirror logo prominently at the top of the card. Add a clear headline (e.g., 'Welcome to NetMirror') and subtitle (e.g., 'Sign in to start streaming'). Style the Internet Identity sign-in button with the primary red accent color (#E50914) and improve spacing. Add a subtle background gradient or imagery consistent with the Netflix-inspired dark theme. Use clear typography hierarchy with appropriate font sizes and weights. Ensure the layout is responsive and centered both horizontally and vertically."
        }
      ]
    },
    {
      "id": "REQ-34",
      "summary": "Redesign the Admin Dashboard with improved UI including header with username, better tab navigation, enhanced upload form layout, and cleaner video management list",
      "acceptanceCriteria": [
        "The Admin Dashboard header clearly identifies it as an admin area and shows the admin's username.",
        "Tab navigation between Upload and Manage is visually clear with active-state indicators.",
        "The upload form fields are well-grouped and labeled.",
        "The video management list uses a clean layout with clearly placed Edit, Set Thumbnail, and Delete buttons.",
        "The design is consistent with the app's dark Netflix-inspired theme."
      ],
      "file_operations": [
        {
          "path": "frontend/src/pages/AdminDashboard.tsx",
          "operation": "modify",
          "description": "Redesign the Admin Dashboard header to clearly identify it as an admin area with a prominent title (e.g., 'Admin Dashboard') and display the admin's username or profile name. Improve the tab navigation between Upload and Manage sections with better visual indicators (underline, highlight, or active state styling) using the red accent color. Ensure the overall layout is clean, organized, and consistent with the Netflix-inspired dark theme."
        },
        {
          "path": "frontend/src/components/VideoUploadForm.tsx",
          "operation": "modify",
          "description": "Improve the upload form layout with better field grouping and labels. Group related fields (e.g., video file selection, metadata fields) visually. Ensure labels are clear and aligned consistently. Improve the visual styling of input fields, buttons, and progress indicators. Use consistent spacing and typography. Style the upload button with the red accent color. Ensure the form is easy to scan and use within the dark theme."
        },
        {
          "path": "frontend/src/components/VideoManagementList.tsx",
          "operation": "modify",
          "description": "Enhance the video management list with cleaner card or table styling. Improve the layout of video thumbnails, titles, and metadata. Clearly place the Edit, Set Thumbnail, and Delete buttons with consistent spacing and alignment. Use visual status indicators (e.g., badges for upload status if applicable). Ensure the list is scannable and actions are easy to identify. Style buttons with appropriate colors (red for delete, neutral for edit/thumbnail). Maintain consistency with the Netflix-inspired dark theme."
        }
      ]
    },
    {
      "id": "REQ-35",
      "summary": "Remove the 'DhairyaKumar' red text footer credit from the ViewerHome page",
      "acceptanceCriteria": [
        "The text 'DhairyaKumar' no longer appears anywhere on the ViewerHome page.",
        "No red footer credit element is rendered at the bottom of the home page.",
        "The removal does not affect any other content or layout on the page."
      ],
      "file_operations": [
        {
          "path": "frontend/src/pages/ViewerHome.tsx",
          "operation": "modify",
          "description": "Locate and delete the element that renders the 'DhairyaKumar' red text footer credit at the bottom of the ViewerHome page. Remove any associated styles, class names, or surrounding container elements specific to this footer credit. Ensure the removal does not affect the layout or functionality of other page elements."
        }
      ]
    },
    {
      "id": "REQ-36",
      "summary": "Replace full principal ID display with short friendly user ID (e.g., 'User #12345') in Navbar dropdown and profile areas",
      "acceptanceCriteria": [
        "The Navbar user dropdown shows a short friendly user ID (e.g., 'User #12345') instead of the full principal string.",
        "The friendly ID is derived deterministically from the principal so it is consistent across sessions.",
        "The full principal string is no longer visibly displayed anywhere in the UI.",
        "If a copy button is present, it may still copy the full principal to the clipboard.",
        "The friendly ID is consistent across the Navbar dropdown and any other profile display areas."
      ],
      "file_operations": [
        {
          "path": "frontend/src/utils/principalUtils.ts",
          "operation": "create",
          "description": "Create a new utility module that exports a function `generateFriendlyUserId(principal: string): string` which deterministically derives a short 5-digit numeric user ID from the principal string. Use a simple hash or take the last 5 digits of a numeric representation of the principal. Return a formatted string like 'User #12345'. Ensure the function is deterministic so the same principal always produces the same friendly ID."
        },
        {
          "path": "frontend/src/components/Navbar.tsx",
          "operation": "modify",
          "description": "Import the `generateFriendlyUserId` utility and use it to display the friendly user ID in the user dropdown instead of the full principal string. Update the UI to show 'User #12345' or similar. If a copy-to-clipboard button is present, keep it functional but have it copy the full principal string internally while displaying the friendly ID in the UI. Ensure the friendly ID is styled consistently with the rest of the dropdown."
        }
      ]
    }
  ]
}