{
  "kind": "spec_vs_diff_report",
  "version": "1.0",
  "generatedAt": "2026-02-25T16:26:59.862Z",
  "summary": "The diff implements most of the requested requirements. REQ-29 (search), REQ-30 (no autoplay), REQ-31 (edit video with backend function), REQ-32 (Set Thumbnail button), REQ-33 (login page redesign), REQ-34 (admin dashboard redesign), REQ-35 (remove DhairyaKumar credit), and REQ-36 (friendly user ID) all appear to be addressed. One minor gap is noted around REQ-30's hero banner behavior, but the primary autoPlay removal is confirmed. No significant hallucinated features were found.",
  "missing_requirements": [
    {
      "id": "REQ-30",
      "requirement": "The hero banner 'Play' button on ViewerHome should navigate to the player page without triggering immediate playback — only clicking the in-player play control should start the video.",
      "reason": "While VideoPlayer.tsx has autoPlay={false} explicitly set, the diff does not show evidence that the HeroBanner Play button behavior was audited or changed to ensure it does not pass any state that triggers playback. The HeroBanner.tsx summary only mentions Play/More Info buttons with navigation but no explicit confirmation that no autoplay-triggering state is passed via route navigation.",
      "evidence": [
        "frontend/src/components/HeroBanner.tsx",
        "frontend/src/pages/VideoPlayer.tsx"
      ]
    }
  ],
  "hallucinated_features": [
    {
      "description": "A migration.mo file was added to the backend that defines OldActor and NewActor types and a migration run function.",
      "reason": "None of the requirements requested a backend migration module. The requirements only asked for adding an updateVideoMetadata function to backend/main.mo. The migration module is an unrequested addition.",
      "evidence": [
        "backend/migration.mo"
      ]
    }
  ],
  "confidence": 0.82,
  "changed_files": [
    "backend/main.mo",
    "backend/migration.mo",
    "frontend-file-summaries.txt",
    "frontend/src/components/LoginScreen.tsx",
    "frontend/src/components/Navbar.tsx",
    "frontend/src/components/VideoManagementList.tsx",
    "frontend/src/hooks/useQueries.ts",
    "frontend/src/pages/AdminDashboard.tsx",
    "frontend/src/pages/VideoPlayer.tsx",
    "frontend/src/pages/ViewerHome.tsx",
    "frontend/src/utils/principalUtils.ts",
    "project_state.json"
  ]
}